,Crop,Crop_Year,Area,Production
0,Apple,2002,4,0
1,Apple,2003,5,0
2,Arcanut (Processed),2002,144116,192831
3,Arecanut,1997,260686,308584
4,Arecanut,1998,264033,797811
5,Arecanut,1999,172792,162025
6,Arecanut,2000,303328,352915
7,Arecanut,2001,327572,374014
8,Arecanut,2002,189845,188610
9,Arecanut,2003,355772,420955
10,Arecanut,2004,281066.37,340328.05
11,Arecanut,2005,370899.45,1277409.46
12,Arecanut,2006,386009,530004.3
13,Arecanut,2007,357428,1318525
14,Arecanut,2008,378137,1414459
15,Arecanut,2009,383463,1459169
16,Arecanut,2010,399306.5,2479449.51
17,Arecanut,2011,411994.36,1970679.34
18,Arecanut,2012,407082,2007355
19,Arecanut,2013,411642,2622235
20,Arecanut,2014,350957,2335987
21,Arhar/Tur,1997,3325278,1693632
22,Arhar/Tur,1998,3192175,2556835
23,Arhar/Tur,1999,2964028,2505467
24,Arhar/Tur,2000,3626302,2254687
25,Arhar/Tur,2001,3304429,2246633.1
26,Arhar/Tur,2002,2963889.15,1799398.47
27,Arhar/Tur,2003,3439893.06,2325382.12
28,Arhar/Tur,2004,2912104.08,1847878.11
29,Arhar/Tur,2005,2875328.46,2089618.83
30,Arhar/Tur,2006,3297134.83,2144992
31,Arhar/Tur,2007,2287957.63,1763406
32,Arhar/Tur,2008,3113224,2064721.1
33,Arhar/Tur,2009,3221594,2231423
34,Arhar/Tur,2010,4289565,2717502.6
35,Arhar/Tur,2011,3752892,2450786
36,Arhar/Tur,2012,3220916,2625573
37,Arhar/Tur,2013,3289170,2756819
38,Arhar/Tur,2014,2715656,1293050
39,Ash Gourd,2002,744,0
40,Ash Gourd,2003,900,0
41,Atcanut (Raw),2002,144116,927250
42,Bajra,1997,9527424,7622765
43,Bajra,1998,9330295,7064138
44,Bajra,1999,8892668,5786557.7
45,Bajra,2000,9912134,6904935.2
46,Bajra,2001,9513740,8266184
47,Bajra,2002,7736866,4715038.3
48,Bajra,2003,10663550,12061108
49,Bajra,2004,9326100,8052734
50,Bajra,2005,9676568,7119289.8
51,Bajra,2006,9499237,8335264
52,Bajra,2007,8339105,8858604.2
53,Bajra,2008,8774882,8902295
54,Bajra,2009,8972422,6520225
55,Bajra,2010,9607246,12271627
56,Bajra,2011,3752948,6075554
57,Bajra,2012,3231616,4878124
58,Bajra,2013,2273701,3605409
59,Bajra,2014,2110302,2658279.8
60,Banana,1997,216302,8577683
61,Banana,1998,191319,6246379
62,Banana,1999,237692,5786745
63,Banana,2000,299425,6617109
64,Banana,2001,208732,4214875
65,Banana,2002,299715,6371622
66,Banana,2003,367239,10951296
67,Banana,2004,284571.52,7780753.52
68,Banana,2005,348902.8,9756891.13
69,Banana,2006,358134.57,11397092
70,Banana,2007,335154,10243434
71,Banana,2008,376387,11215143
72,Banana,2009,417236,12052141
73,Banana,2010,319391.14,7453608.4
74,Banana,2011,396924.4,12649783.59
75,Banana,2012,164771,4137123
76,Banana,2013,299602,8953555
77,Banana,2014,128130,1754578
78,Barley,1997,772715,1586845
79,Barley,1998,735384,1476976
80,Barley,1999,661416,1384460.6
81,Barley,2000,764003,1418351
82,Barley,2001,655028,1417982
83,Barley,2002,664523,1378805.1
84,Barley,2003,653910.82,1305483.28
85,Barley,2004,602355.57,1175090.24
86,Barley,2005,614672,1184682.7
87,Barley,2006,556516,1247945
88,Barley,2007,604089,1199132
89,Barley,2008,685198,1672582.2
90,Barley,2009,565424,1310808
91,Barley,2010,677806,1693660
92,Barley,2011,325548,780770
93,Barley,2012,347179,820879
94,Barley,2013,301480,700352.3
95,Barley,2014,220420,372621.5
96,Barley,2015,447,472
97,Bean,2013,2320,3080
98,Bean,2014,2330,3160
99,Beans & Mutter(Vegetable),2002,21543,84737
100,Beans & Mutter(Vegetable),2003,27120,126622
101,Beet Root,2002,925,0
102,Beet Root,2003,647,0
103,Ber,2002,101,0
104,Ber,2003,17,0
105,Bhindi,2002,32758,153024
106,Bhindi,2003,33997,164053
107,Bitter Gourd,2002,3334,80
108,Bitter Gourd,2003,3161,273
109,Black pepper,1997,181126,57204
110,Black pepper,1998,189416,79379
111,Black pepper,1999,205614,64398
112,Black pepper,2000,211034,79328
113,Black pepper,2001,213667,80436
114,Black pepper,2002,219583,90660
115,Black pepper,2003,231897.5,95065.23
116,Black pepper,2004,252164,103300.22
117,Black pepper,2005,257875.45,122121.05
118,Black pepper,2006,235408.26,95234
119,Black pepper,2007,198629,99750
120,Black pepper,2008,178573,115705
121,Black pepper,2009,197854,122541
122,Black pepper,2010,197783.55,63163.57
123,Black pepper,2011,115372.38,51272.34
124,Black pepper,2012,116025,128544
125,Black pepper,2013,121165,107440
126,Black pepper,2014,123368,239403
127,Blackgram,1998,25116,18601
128,Blackgram,2008,39723,23058
129,Blackgram,2011,680,450
130,Blackgram,2012,995,2722
131,Blackgram,2013,1134,3466
132,Blackgram,2014,1193,2425
133,Bottle Gourd,2002,1259,130
134,Bottle Gourd,2003,1384,468
135,Brinjal,2002,54292,351756
136,Brinjal,2003,57488,534447
137,Brinjal,2011,52,694
138,Brinjal,2012,14903,189196
139,Brinjal,2013,14425,153224
140,Brinjal,2014,14788,212855
141,Cabbage,2002,7795,143193
142,Cabbage,2003,8070,96107
143,Cabbage,2012,1459,29767
144,Cabbage,2013,1506,24706
145,Cabbage,2014,1525,18003
146,Cardamom,1997,29168,1701
147,Cardamom,1998,68739,8572
148,Cardamom,1999,65628,9599
149,Cardamom,2000,63313,11058
150,Cardamom,2001,44211,10869
151,Cardamom,2002,63691,11915
152,Cardamom,2003,68907,12591
153,Cardamom,2004,65777.87,12313.7
154,Cardamom,2005,68942,13829
155,Cardamom,2006,73404,14612
156,Cardamom,2007,65554,12010
157,Cardamom,2008,66522,13551
158,Cardamom,2009,64421,11896
159,Cardamom,2010,19081,2621
160,Cardamom,2011,32194,4127
161,Cardamom,2012,60886,12514
162,Cardamom,2013,62446,16953
163,Cardamom,2014,57984,17786
164,Carrot,2002,2630,2085
165,Carrot,2003,2242,1981
166,Cashewnut,1997,178834,93512
167,Cashewnut,1998,169743,66498
168,Cashewnut,1999,165445,86065
169,Cashewnut,2000,326562,119725
170,Cashewnut,2001,238079,104955
171,Cashewnut,2002,342328,128810
172,Cashewnut,2003,347299.5,151565.64
173,Cashewnut,2004,392434,164929
174,Cashewnut,2005,388305.5,179784.02
175,Cashewnut,2006,375398,175099.13
176,Cashewnut,2007,215302,132249
177,Cashewnut,2008,364787,178406.22
178,Cashewnut,2009,350774,176225
179,Cashewnut,2010,255319.75,130696.53
180,Cashewnut,2011,361004.21,167522.69
181,Cashewnut,2012,246463,138809
182,Cashewnut,2013,514744,238246
183,Cashewnut,2014,293700,162723
184,Cashewnut Processed,2002,57461,8121
185,Cashewnut Raw,2002,146009,98462
186,Castor seed,1997,582573,784499
187,Castor seed,1998,674400,839501
188,Castor seed,1999,788993,770181
189,Castor seed,2000,1090322,891116.4
190,Castor seed,2001,690223,644839.01
191,Castor seed,2002,582515,430160.01
192,Castor seed,2003,691831,792018
193,Castor seed,2004,761829,807308
194,Castor seed,2005,866800,946788
195,Castor seed,2006,667053,805387
196,Castor seed,2007,717429,1047088.7
197,Castor seed,2008,780678,1155978
198,Castor seed,2009,733883,1002065
199,Castor seed,2010,889033,1377113
200,Castor seed,2011,1167829,1879854
201,Castor seed,2012,907208,1564248.53
202,Castor seed,2013,279970,179516
203,Castor seed,2014,129310,72240
204,Cauliflower,2002,7831,8775
205,Cauliflower,2003,8881,9658
206,Citrus Fruit,2002,93685,382994
207,Citrus Fruit,2003,80159,496573
208,Coconut ,1997,1064229,6344142
209,Coconut ,1998,1237644,5283860454
210,Coconut ,1999,1279564,5859817270
211,Coconut ,2000,1437422,6880408908
212,Coconut ,2001,1454159,6881286542
213,Coconut ,2002,1799396,7150889367
214,Coconut ,2003,1804708.74,7355742937
215,Coconut ,2004,1839782.4,7663983742
216,Coconut ,2005,1842178.02,7453185841
217,Coconut ,2006,1847003.09,8092567153
218,Coconut ,2007,1682671,6299914140
219,Coconut ,2008,1752448,7039785652
220,Coconut ,2009,1735991,7041992679
221,Coconut ,2010,1255481.13,5596200360
222,Coconut ,2011,1810864.94,13594220064
223,Coconut ,2012,1360932,7494436866
224,Coconut ,2013,1815921,12219189405
225,Coconut ,2014,1361285,8067813334
226,Coffee,2001,84795,66690
227,Coffee,2002,83113,63322
228,Colocosia,2013,5240,49840
229,Cond-spcs other,1999,2767,2260.4
230,Coriander,1997,57930,13169
231,Coriander,1998,282419,199226
232,Coriander,1999,332855,210680
233,Coriander,2000,346681,228821
234,Coriander,2001,396757,305944
235,Coriander,2002,277552,166701.11
236,Coriander,2003,475769,383956.01
237,Coriander,2004,362921,253669
238,Coriander,2005,207063,169349
239,Coriander,2006,305794,227303
240,Coriander,2007,381979,224992.1
241,Coriander,2008,450818,366550
242,Coriander,2009,452712,390751
243,Coriander,2010,401461,306512
244,Coriander,2011,195017,89841
245,Coriander,2012,159516,95404
246,Coriander,2013,182039,114554
247,Coriander,2014,55217,27687
248,Cotton(lint),1997,5230253,10443524
249,Cotton(lint),1998,9331489,11173903
250,Cotton(lint),1999,8717476,10642915
251,Cotton(lint),2000,8550604,9156401
252,Cotton(lint),2001,9038620,9838451
253,Cotton(lint),2002,7632933,8562608.2
254,Cotton(lint),2003,7550673,13624401
255,Cotton(lint),2004,8748496,16977920
256,Cotton(lint),2005,8669295,18393175.5
257,Cotton(lint),2006,9060875,20894189
258,Cotton(lint),2007,6188044,17299210
259,Cotton(lint),2008,9337428,20782910
260,Cotton(lint),2009,9984615,20902349
261,Cotton(lint),2010,10929723,27320559
262,Cotton(lint),2011,11685196,27369109
263,Cotton(lint),2012,9530632,19770365
264,Cotton(lint),2013,8395561,20314945
265,Cotton(lint),2014,7986162,13581633
266,Cowpea(Lobia),2009,3672,2016
267,Cowpea(Lobia),2010,100769,44921
268,Cowpea(Lobia),2011,108668,57001
269,Cowpea(Lobia),2012,91754,35901
270,Cowpea(Lobia),2013,106725,54883
271,Cowpea(Lobia),2014,99184,60910
272,Cucumber,2002,5490,0
273,Cucumber,2003,7079,0
274,Drum Stick,2002,26747,23052
275,Drum Stick,2003,27447,23101
276,Drum Stick,2012,15465,14877
277,Drum Stick,2013,16356,15757
278,Drum Stick,2014,494,334
279,Dry chillies,1997,536530,618764
280,Dry chillies,1998,610821,859537
281,Dry chillies,1999,800194,934580
282,Dry chillies,2000,735060,910118
283,Dry chillies,2001,673963,933227
284,Dry chillies,2002,700259,814419.71
285,Dry chillies,2003,659096,1169570
286,Dry chillies,2004,678980,1115993
287,Dry chillies,2005,478097.7,808164.7
288,Dry chillies,2006,584710.32,1107334
289,Dry chillies,2007,578892,1135485.5
290,Dry chillies,2008,527856,1122901
291,Dry chillies,2009,396675,1061475
292,Dry chillies,2010,430337,961014
293,Dry chillies,2011,514414,1073377
294,Dry chillies,2012,304671,775737
295,Dry chillies,2013,456283,1181768
296,Dry chillies,2014,349000,1153065.3
297,Dry ginger,1997,12119,69027
298,Dry ginger,1998,40244,210460
299,Dry ginger,1999,59645,285932
300,Dry ginger,2000,69235,344812
301,Dry ginger,2001,72884,363052
302,Dry ginger,2002,73333.3,360047.1
303,Dry ginger,2003,69386,331064.6
304,Dry ginger,2004,76220,385722
305,Dry ginger,2005,68384,513899.1
306,Dry ginger,2006,77557.56,479657
307,Dry ginger,2007,71660,606377.7
308,Dry ginger,2008,87155,1167076
309,Dry ginger,2009,97500,1717319
310,Dry ginger,2010,101069.93,481720.36
311,Dry ginger,2011,68527.59,288035.36
312,Dry ginger,2012,51527,692674
313,Dry ginger,2013,56182,708261
314,Dry ginger,2014,56513,1048689.9
315,Garlic,1997,28730,146910
316,Garlic,1998,49016,262560
317,Garlic,1999,106884,440852
318,Garlic,2000,51837,155232
319,Garlic,2001,61580,230872
320,Garlic,2002,76085,258789
321,Garlic,2003,103204,512514
322,Garlic,2004,142715,625208
323,Garlic,2005,93109,462543
324,Garlic,2006,136113,657384
325,Garlic,2007,153963,808769.7
326,Garlic,2008,156330,760110
327,Garlic,2009,134949,628103
328,Garlic,2010,124884,557888
329,Garlic,2011,159693,790869
330,Garlic,2012,126239,648086
331,Garlic,2013,127342,658224.1
332,Garlic,2014,41016,206708
333,Ginger,2010,4554,38669
334,Ginger,2011,21395,170999
335,Ginger,2012,22461,187444
336,Ginger,2013,22968,185586.7
337,Ginger,2014,26991,239227
338,Gram,1997,4585523,3540892
339,Gram,1998,8235819,6723050
340,Gram,1999,6029056,4979652.5
341,Gram,2000,5186116,3857947
342,Gram,2001,6405943,5467992
343,Gram,2002,5892949.47,4228026.42
344,Gram,2003,7067229.21,5738794.98
345,Gram,2004,6636121.22,5379853
346,Gram,2005,6819569.26,5575429.67
347,Gram,2006,7625707.57,6398300
348,Gram,2007,6348748.22,4777763
349,Gram,2008,7818443,7003376.2
350,Gram,2009,7274008,6881008
351,Gram,2010,8862826,7679253.16
352,Gram,2011,6335184,6004056
353,Gram,2012,6544957,6707605
354,Gram,2013,6811890,5682559.4
355,Gram,2014,3727871,2836515
356,Grapes,2002,14427,366079
357,Grapes,2003,51583,1363200
358,Grapes,2012,270,8188
359,Grapes,2013,276,6170
360,Grapes,2014,347,7956
361,Groundnut,1997,6480853,6749962
362,Groundnut,1998,7606552,9364388
363,Groundnut,1999,7068133,5685331.1
364,Groundnut,2000,6677439,6496361.8
365,Groundnut,2001,6229875,7016074.4
366,Groundnut,2002,5927555,4113401.7
367,Groundnut,2003,5967650,8108946.4
368,Groundnut,2004,6612902,6606675
369,Groundnut,2005,6634687,7827660.4
370,Groundnut,2006,5696732,5232979.2
371,Groundnut,2007,5880765,8669302.6
372,Groundnut,2008,6085076,6382276.6
373,Groundnut,2009,5432693,5313523.1
374,Groundnut,2010,5861460.25,8191892.9
375,Groundnut,2011,4877280,6207764.3
376,Groundnut,2012,4171486,3800321.4
377,Groundnut,2013,3196574,3897524.8
378,Groundnut,2014,2276461,2047179.3
379,Groundnut,2015,51206,56161.2
380,Guar seed,1999,2980809,3745830
381,Guar seed,2000,3331472,541833
382,Guar seed,2001,2674148,935123
383,Guar seed,2002,766829,106609
384,Guar seed,2003,2582839,241967
385,Guar seed,2004,2188309,516935
386,Guar seed,2005,2658975,721007
387,Guar seed,2006,3032507,759480
388,Guar seed,2007,3108183,1375859
389,Guar seed,2008,3471323,1316055
390,Guar seed,2009,2722314,248470
391,Guar seed,2010,3126187,1632377
392,Guar seed,2011,181652,119424
393,Guar seed,2012,639853,448864
394,Guar seed,2013,39507,32381
395,Guar seed,2014,30250,22877
396,Horse-gram,1997,657910,285294
397,Horse-gram,1998,663336,279025
398,Horse-gram,1999,899385,359263
399,Horse-gram,2000,693829,296301.3
400,Horse-gram,2001,602970,255656.1
401,Horse-gram,2002,661129,204698.6
402,Horse-gram,2003,627934,208133.5
403,Horse-gram,2004,607586,232790.4
404,Horse-gram,2005,573950,237933.5
405,Horse-gram,2006,612514,224282
406,Horse-gram,2007,488831,215902.5
407,Horse-gram,2008,449099,176782.8
408,Horse-gram,2009,494902,232152.4
409,Horse-gram,2010,470891,235350.8
410,Horse-gram,2011,412474,192660.3
411,Horse-gram,2012,424369,180405
412,Horse-gram,2013,406061,212583.2
413,Horse-gram,2014,324499,152159.3
414,Horse-gram,2015,33362,9442.7
415,Jack Fruit,2002,95745,32983
416,Jack Fruit,2003,95873,27791
417,Jack Fruit,2012,89702,4998
418,Jobster,2013,1170,1180
419,Jowar,1997,10699683,7675581
420,Jowar,1998,9881864,8598276
421,Jowar,1999,10333665,8793906.2
422,Jowar,2000,9989594,7705479.2
423,Jowar,2001,9767126,7535851
424,Jowar,2002,9274286,6998443
425,Jowar,2003,9299671,6646221
426,Jowar,2004,8995096,7057701
427,Jowar,2005,3905712,3505544.7
428,Jowar,2006,8430341,6964853
429,Jowar,2007,3643847,3794240
430,Jowar,2008,7273391,6602285
431,Jowar,2009,7787823,6570684
432,Jowar,2010,7110272,6604330
433,Jowar,2011,5574474,5318182
434,Jowar,2012,5340605,4820694
435,Jowar,2013,5681984,5553532
436,Jowar,2014,4726479,3879231
437,Jute,1997,979700,9937985
438,Jute,1998,882672,8881874
439,Jute,1999,854538,9470088
440,Jute,2000,836253,9323541
441,Jute,2001,871600,10527107
442,Jute,2002,862961,10262222
443,Jute,2003,847669,10244196
444,Jute,2004,771105,9384546
445,Jute,2005,756270,9973409
446,Jute,2006,802194,10435986
447,Jute,2007,813994,10207097
448,Jute,2008,785628,9637506
449,Jute,2009,813555,11257867
450,Jute,2010,769518,10010110
451,Jute,2011,806039,10738863
452,Jute,2012,776843,9134133.1
453,Jute,2013,754528,11069811.5
454,Jute,2014,743895,11075284.4
455,Jute,2015,1204,2616.9
456,Jute & mesta,1999,2365,17955
457,Jute & mesta,2000,2784,23635
458,Jute & mesta,2001,2980,25400
459,Jute & mesta,2002,3002,23307
460,Jute & mesta,2003,2765,22018
461,Kapas,1997,967,429
462,Kapas,1998,555,429
463,Kapas,2000,7340,7684
464,Khesari,1997,25261,28460
465,Khesari,1998,23300,20850
466,Khesari,1999,184055,181971
467,Khesari,2000,447916,294629
468,Khesari,2001,606893,387013
469,Khesari,2002,504221,310959
470,Khesari,2003,629631,442358
471,Khesari,2004,602691,288213
472,Khesari,2005,590364,317439
473,Khesari,2006,605929,372464
474,Khesari,2007,611583,692716
475,Khesari,2008,564069,347476
476,Khesari,2009,488211,334635
477,Khesari,2010,512130,357411
478,Khesari,2011,499465,365993
479,Khesari,2012,478986,319236
480,Khesari,2013,455938,308818
481,Khesari,2014,431876,399336
482,Korra,1997,30000,19200
483,Korra,1998,40200,28600
484,Korra,1999,4517,2030
485,Korra,2000,32965,24496
486,Korra,2001,26148,18359
487,Korra,2002,19024,11619
488,Korra,2003,26455,19409
489,Lab-Lab,2002,1466,0
490,Lab-Lab,2003,3402,0
491,Lemon,2012,23602,177221
492,Lemon,2013,24724,190739
493,Lemon,2014,26981,173034
494,Lentil,2013,2070,1680
495,Lentil,2014,12527,9082
496,Linseed,1997,428252,159224
497,Linseed,1998,531575,200343
498,Linseed,1999,532235,213357.6
499,Linseed,2000,487509,168287.6
500,Linseed,2001,487262,191538.41
501,Linseed,2002,434837,168071.21
502,Linseed,2003,414711,169275.1
503,Linseed,2004,383243,151320
504,Linseed,2005,373510,146198
505,Linseed,2006,361001,138695
506,Linseed,2007,262332,107155.6
507,Linseed,2008,287992,122852.1
508,Linseed,2009,285882,130202
509,Linseed,2010,257083,104071
510,Linseed,2011,238100,115920
511,Linseed,2012,222334,113943
512,Linseed,2013,193846,97415.9
513,Linseed,2014,114602,58688
514,Litchi,2002,4,0
515,Litchi,2003,21,0
516,Maize,1997,5644113,9797054
517,Maize,1998,5622919,10043588
518,Maize,1999,6253374,11245483
519,Maize,2000,6557280,11977311.2
520,Maize,2001,6348801,12669599.5
521,Maize,2002,6564168.33,11022338.25
522,Maize,2003,7127699.91,14638847.57
523,Maize,2004,7258644.15,13827480.47
524,Maize,2005,6982198.36,13789798.56
525,Maize,2006,7356970.78,14251018.5
526,Maize,2007,7266855.31,17589648.6
527,Maize,2008,7433947,18335937.8
528,Maize,2009,7371903,15264392
529,Maize,2010,8056623.54,22066700.22
530,Maize,2011,6888187,19312590.4
531,Maize,2012,6188793,17257244.5
532,Maize,2013,6876092,23348441
533,Maize,2014,5853562,16782163.1
534,Maize,2015,94542,179286.9
535,Mango,2002,625854,2779266
536,Mango,2003,835165,3100202
537,Mango,2010,213,2660
538,Mango,2011,206,401
539,Mango,2012,312443,2406212
540,Mango,2013,337770,2488087
541,Mango,2014,268695,1993708
542,Masoor,1997,544987,391681
543,Masoor,1998,647759,485062
544,Masoor,1999,731933,428410
545,Masoor,2000,961727,694376.5
546,Masoor,2001,959640,731773.63
547,Masoor,2002,884669.66,670705.15
548,Masoor,2003,915364.61,805034.08
549,Masoor,2004,875454.22,494188.93
550,Masoor,2005,884456.21,511130.18
551,Masoor,2006,1464987.51,908202
552,Masoor,2007,1330943.09,805536.28
553,Masoor,2008,1350829,940467
554,Masoor,2009,1426535,1009101
555,Masoor,2010,1618613,902033
556,Masoor,2011,1453770,974870
557,Masoor,2012,1290496,1018162
558,Masoor,2013,1209548,926025
559,Masoor,2014,724168,482330.1
560,Mesta,1997,125033,830152
561,Mesta,1998,110748,803250
562,Mesta,1999,77350,433271
563,Mesta,2000,160018,1175786
564,Mesta,2001,119488,919744
565,Mesta,2002,123232,859302
566,Mesta,2003,108804,773326
567,Mesta,2004,92520,724842
568,Mesta,2005,88549,782596
569,Mesta,2006,103858,852457
570,Mesta,2007,100889,847274
571,Mesta,2008,76724,608957
572,Mesta,2009,60846,447350
573,Mesta,2010,63594,506775
574,Mesta,2011,64894,572145
575,Mesta,2012,52572,311629
576,Mesta,2013,47172,509601
577,Mesta,2014,45074,441154
578,Moong(Green Gram),1997,1531709,574384
579,Moong(Green Gram),1998,2774409,1015877
580,Moong(Green Gram),1999,3101550,1200978
581,Moong(Green Gram),2000,2975229,1027984.1
582,Moong(Green Gram),2001,2808894.27,964461.2
583,Moong(Green Gram),2002,2942257,867704.7
584,Moong(Green Gram),2003,3442463,1661585.8
585,Moong(Green Gram),2004,3187041,1004366.2
586,Moong(Green Gram),2005,3039036,951125.1
587,Moong(Green Gram),2006,3062127,1064087.9
588,Moong(Green Gram),2007,2967021,1126935.2
589,Moong(Green Gram),2008,2738113,1003044.1
590,Moong(Green Gram),2009,3002613,647575.8
591,Moong(Green Gram),2010,3506873,1799203.7
592,Moong(Green Gram),2011,2097197,1011232.4
593,Moong(Green Gram),2012,1630416,739653.7
594,Moong(Green Gram),2013,1986004,985872.6
595,Moong(Green Gram),2014,1489468,647577.8
596,Moong(Green Gram),2015,289786,85222.5
597,Moth,1997,48716,24216
598,Moth,1998,921733,124833
599,Moth,1999,797795,33312
600,Moth,2000,1005907,147795
601,Moth,2001,1349749,324739.6
602,Moth,2002,492939,35686
603,Moth,2003,1550418,819454
604,Moth,2004,1488276,206746
605,Moth,2005,1277327,176189
606,Moth,2006,1197300,206256
607,Moth,2007,1304312,423364
608,Moth,2008,1271309,338555
609,Moth,2009,1324793,49149
610,Moth,2010,1621712,789848
611,Moth,2011,48183,25444
612,Moth,2012,14711,5630
613,Moth,2013,42,381
614,Moth,2014,53,30
615,Niger seed,1997,16810,8841
616,Niger seed,1998,127482,35857
617,Niger seed,1999,403418,115283
618,Niger seed,2000,479240,106100
619,Niger seed,2001,553957,198162.06
620,Niger seed,2002,407384,84942.04
621,Niger seed,2003,423280,108247
622,Niger seed,2004,414672,110985
623,Niger seed,2005,294986,73027
624,Niger seed,2006,291627,69278
625,Niger seed,2007,217116,55615
626,Niger seed,2008,259498,67549
627,Niger seed,2009,242010,57945
628,Niger seed,2010,240962,58845
629,Niger seed,2011,262029,59593.9
630,Niger seed,2012,215159,64562
631,Niger seed,2013,206519,66434
632,Niger seed,2014,109517,29652
633,Oilseeds total,1997,51751377,39245384
634,Oilseeds total,1998,2930288,3871002
635,Oilseeds total,1999,33883,31398
636,Oilseeds total,2000,32561,31759
637,Oilseeds total,2001,40820,37164
638,Oilseeds total,2002,39497,36341
639,Oilseeds total,2003,34753,31224
640,Oilseeds total,2004,27139,26281
641,Oilseeds total,2005,27566,23695
642,Oilseeds total,2006,32160,29265
643,Oilseeds total,2007,30749,28568
644,Oilseeds total,2008,31785,31016
645,Oilseeds total,2009,121468,215842
646,Oilseeds total,2010,31854,29251
647,Oilseeds total,2011,32500,33000
648,Oilseeds total,2012,32767,31285
649,Oilseeds total,2013,33114,31635
650,Oilseeds total,2014,102300,103450
651,Onion,1997,134777,1551843
652,Onion,1998,256728,2911480
653,Onion,1999,370109,3597628
654,Onion,2000,288672,2487445
655,Onion,2001,285616,2878134
656,Onion,2002,337575,3245248
657,Onion,2003,481862.98,5673147.87
658,Onion,2004,396832.19,4503541.14
659,Onion,2005,437049.12,5597161.99
660,Onion,2006,375943.72,4203156
661,Onion,2007,456683.96,5678512.3
662,Onion,2008,382183,4535587.5
663,Onion,2009,432348,4339183
664,Onion,2010,411573,5497540
665,Onion,2011,427636,6067070
666,Onion,2012,238740,3274637
667,Onion,2013,324570,4096647.4
668,Onion,2014,269613,2325083
669,Orange,2002,59219,802476
670,Orange,2003,83165,793030
671,Orange,2011,14938,172501
672,Orange,2012,16449,179637
673,Orange,2013,15669,188781
674,Orange,2014,15761,202378
675,Other  Rabi pulses,1997,247790,151786
676,Other  Rabi pulses,1998,829405,605529
677,Other  Rabi pulses,1999,1135582,598082
678,Other  Rabi pulses,2000,1000756,438016
679,Other  Rabi pulses,2001,1084289,535351
680,Other  Rabi pulses,2002,1015574,432310
681,Other  Rabi pulses,2003,961188,474658
682,Other  Rabi pulses,2004,295668,163655
683,Other  Rabi pulses,2005,180677,106286
684,Other  Rabi pulses,2006,535121,480178
685,Other  Rabi pulses,2007,417354,360721.2
686,Other  Rabi pulses,2008,74660,48187.4
687,Other  Rabi pulses,2009,84622,58771
688,Other  Rabi pulses,2010,69217,53053
689,Other  Rabi pulses,2011,181354,94270
690,Other  Rabi pulses,2012,170828,82075
691,Other  Rabi pulses,2013,148629,79726.8
692,Other  Rabi pulses,2014,144381,76521
693,Other Cereals & Millets,1998,155200,101414
694,Other Cereals & Millets,1999,11400,3300
695,Other Cereals & Millets,2000,106777,82681
696,Other Cereals & Millets,2001,8624,3387
697,Other Cereals & Millets,2002,9325,2968
698,Other Cereals & Millets,2003,78377,88032
699,Other Cereals & Millets,2004,187189,148128
700,Other Cereals & Millets,2005,111910,110068.5
701,Other Cereals & Millets,2006,65362,73928
702,Other Cereals & Millets,2007,144682,169400.1
703,Other Cereals & Millets,2008,121971,138030
704,Other Cereals & Millets,2009,50231,40994
705,Other Cereals & Millets,2010,108567,123624
706,Other Cereals & Millets,2011,69777,63869
707,Other Cereals & Millets,2012,46931,42032
708,Other Cereals & Millets,2014,2331,1330.1
709,Other Citrus Fruit,2002,1605,0
710,Other Citrus Fruit,2003,2650,0
711,Other Dry Fruit,2003,7,0
712,Other Fresh Fruits,2002,131161,148029
713,Other Fresh Fruits,2003,136833,161771
714,Other Fresh Fruits,2013,3839,41039
715,Other Fresh Fruits,2014,4566,48604
716,Other Kharif pulses,1997,94654,72625
717,Other Kharif pulses,1998,478167,199466
718,Other Kharif pulses,1999,1130963,330198
719,Other Kharif pulses,2000,1496118,426234
720,Other Kharif pulses,2001,1124130,379980
721,Other Kharif pulses,2002,1308053,352858
722,Other Kharif pulses,2003,1323142,482706
723,Other Kharif pulses,2004,674731,230165.18
724,Other Kharif pulses,2005,447416,154571.4
725,Other Kharif pulses,2006,929953,518891
726,Other Kharif pulses,2007,356284,207445.2
727,Other Kharif pulses,2008,311119,202346
728,Other Kharif pulses,2009,300488,140227
729,Other Kharif pulses,2010,278997,186229
730,Other Kharif pulses,2011,230477,144326
731,Other Kharif pulses,2012,195442,113955
732,Other Kharif pulses,2013,218716,128927
733,Other Kharif pulses,2014,180837,115282.6
734,Other Kharif pulses,2015,2766,2698
735,Other Vegetables,2002,231375,437509
736,Other Vegetables,2003,231644,363782
737,Other Vegetables,2013,7004,79920
738,Other Vegetables,2014,7188,82001
739,Paddy,1997,7885677,12551503
740,Paddy,2011,2545707,4715678
741,Paddy,2012,2099147,3981629
742,Paddy,2013,2510641,5230946
743,Paddy,2014,2495297,5222645
744,Papaya,2002,35824,1006439
745,Papaya,2003,33406,649121
746,Papaya,2011,7321,145451
747,Papaya,2012,30305,939491
748,Papaya,2013,12763,604168
749,Papaya,2014,13425,577851
750,Peach,2002,19,0
751,Peach,2003,23,0
752,Pear,2002,1296,0
753,Pear,2003,1380,0
754,Peas  (vegetable),2002,92,0
755,Peas  (vegetable),2003,76,0
756,Peas & beans (Pulses),1997,425240,494650
757,Peas & beans (Pulses),1998,532272,596421
758,Peas & beans (Pulses),1999,463003,628611
759,Peas & beans (Pulses),2000,409637,427855
760,Peas & beans (Pulses),2001,443508.4,541333.94
761,Peas & beans (Pulses),2002,444059,513287
762,Peas & beans (Pulses),2003,512948,649867
763,Peas & beans (Pulses),2004,109296,80705
764,Peas & beans (Pulses),2005,339018,256761.3
765,Peas & beans (Pulses),2006,305956,198602
766,Peas & beans (Pulses),2007,276401,168377.7
767,Peas & beans (Pulses),2008,672458,632822.3
768,Peas & beans (Pulses),2009,591511,564469
769,Peas & beans (Pulses),2010,656383,584835
770,Peas & beans (Pulses),2011,674200,704653
771,Peas & beans (Pulses),2012,613676,672334
772,Peas & beans (Pulses),2013,673783,638917.3
773,Peas & beans (Pulses),2014,529639,425942.7
774,Perilla,2013,2350,1410
775,Pineapple,2002,45797,504690
776,Pineapple,2003,46796,510517
777,Pineapple,2011,14158,223624
778,Pineapple,2012,22732,307230
779,Pineapple,2013,16831,293496
780,Pineapple,2014,16446,288037
781,Plums,2002,378,0
782,Plums,2003,431,0
783,Pome Fruit,2002,28973,212912
784,Pome Fruit,2003,27229,268428
785,Pome Granet,2002,651,0
786,Pome Granet,2003,514,0
787,Pome Granet,2012,1441,19843
788,Pome Granet,2013,1629,26306
789,Pome Granet,2014,1948,20185
790,Potato,1997,941622,14095119
791,Potato,1998,1086040,20042976
792,Potato,1999,1147954,21777579
793,Potato,2000,1074286,20333597.9
794,Potato,2001,1106407,22344741.3
795,Potato,2002,1276980.15,22214426.06
796,Potato,2003,1235626.41,22304309.16
797,Potato,2004,1234377.38,21971368.94
798,Potato,2005,1305876.54,22600761.1
799,Potato,2006,1257863.98,19565475.7
800,Potato,2007,1444313.21,26644999.1
801,Potato,2008,1434673,19579184.5
802,Potato,2009,1249453,30880608.8
803,Potato,2010,1339266,31096825.6
804,Potato,2011,1317160,26839202.1
805,Potato,2012,1295583,29817475.3
806,Potato,2013,1275238,23965707
807,Potato,2014,1204521,28700822.7
808,Potato,2015,5626,57233.6
809,Pulses total,1997,20720328,14410879
810,Pulses total,1998,1865422,1119887
811,Pulses total,1999,6554,6634
812,Pulses total,2000,6202,6780
813,Pulses total,2001,6766,7126
814,Pulses total,2002,6801,7239
815,Pulses total,2003,7129,7719
816,Pulses total,2014,132862,109090
817,Pump Kin,2002,890,0
818,Pump Kin,2003,965,0
819,Pump Kin,2012,1238,4998
820,Pump Kin,2013,1219,4998
821,Pump Kin,2014,1373,4998
822,Ragi,1997,1445741,1838314
823,Ragi,1998,1596226,2471499
824,Ragi,1999,1600366,2182808.2
825,Ragi,2000,1724865,2637067.7
826,Ragi,2001,1587159,2326220.8
827,Ragi,2002,1393075.73,1306301.8
828,Ragi,2003,1676354.3,1889760.93
829,Ragi,2004,1505366.16,2289918.27
830,Ragi,2005,1512249.26,2280181.68
831,Ragi,2006,1194891.89,1296905.2
832,Ragi,2007,1264903.12,1908497.1
833,Ragi,2008,1350789,1847869.2
834,Ragi,2009,1235229,1738835.9
835,Ragi,2010,1264421,2088198.8
836,Ragi,2011,1147450,1781932.1
837,Ragi,2012,1094336,1537400.4
838,Ragi,2013,1149790,2025566.88
839,Ragi,2014,1040332.5,1666150.2
840,Ragi,2015,45693,28326
841,Rajmash Kholar,2013,14840,18590
842,Rapeseed &Mustard,1997,5360928,3795722
843,Rapeseed &Mustard,1998,5298300,4988246
844,Rapeseed &Mustard,1999,5624495,5314819.1
845,Rapeseed &Mustard,2000,3982362,3699286.4
846,Rapeseed &Mustard,2001,4720478,4732680
847,Rapeseed &Mustard,2002,4232075.34,3596766.78
848,Rapeseed &Mustard,2003,5068743,5963477.47
849,Rapeseed &Mustard,2004,7048705.26,7247740.29
850,Rapeseed &Mustard,2005,7024254.03,7897300.09
851,Rapeseed &Mustard,2006,6471393.5,7085828.1
852,Rapeseed &Mustard,2007,5511552.9,5537709.91
853,Rapeseed &Mustard,2008,5910636,6914693.7
854,Rapeseed &Mustard,2009,4755605,5546908.4
855,Rapeseed &Mustard,2010,5482169,7526176.68
856,Rapeseed &Mustard,2011,2970870,3371045.2
857,Rapeseed &Mustard,2012,3114681,4029800.7
858,Rapeseed &Mustard,2013,2393736,2262417.7
859,Rapeseed &Mustard,2014,1598688,1375093.7
860,Rapeseed &Mustard,2015,10966,4616.6
861,Redish,2002,1113,2059
862,Redish,2003,862,1877
863,Ribed Guard,2002,376,0
864,Ribed Guard,2003,338,0
865,Rice,1997,30706467,65848504
866,Rice,1998,38716952,78761219
867,Rice,1999,37058642,77917065.6
868,Rice,2000,43190618,83093055.8
869,Rice,2001,42745829,90057868
870,Rice,2002,40795160.29,71453399.67
871,Rice,2003,43181631.06,87836686.97
872,Rice,2004,42664665.23,84172521.28
873,Rice,2005,43519563.58,89587185.75
874,Rice,2006,43266797.59,91677358.34
875,Rice,2007,42026154.31,92065881
876,Rice,2008,43597987,95261986.07
877,Rice,2009,40583697,87357055.31
878,Rice,2010,41766900.5,95177278.1
879,Rice,2011,42011893.74,102094254.5
880,Rice,2012,47765615,100331195
881,Rice,2013,40485966,102873126
882,Rice,2014,39088073,104018553
883,Rice,2015,3952669,5894044
884,Ricebean (nagadal),2013,4710,5230
885,Rubber,2001,475039,580350
886,Rubber,2002,476047,594917
887,Rubber,2003,50,50
888,Safflower,1997,11223,3266
889,Safflower,1998,419491,235417
890,Safflower,1999,438801,259508
891,Safflower,2000,408529,202519.4
892,Safflower,2001,403461,220531.04
893,Safflower,2002,369442,180316.04
894,Safflower,2003,365297,137537
895,Safflower,2004,369964,180552
896,Safflower,2005,363053,229768
897,Safflower,2006,375524,239173
898,Safflower,2007,74452,62679
899,Safflower,2008,273426,172759
900,Safflower,2009,272143,167823
901,Safflower,2010,242802,152742
902,Safflower,2011,197406,113768
903,Safflower,2012,154980,89773
904,Safflower,2013,180401,125660
905,Safflower,2014,113664,58025
906,Samai,1997,29500,12700
907,Samai,1998,28400,14300
908,Samai,1999,58471,48503
909,Samai,2000,32155,14135
910,Samai,2001,30346,14953
911,Samai,2002,42919,31032
912,Samai,2003,23470,9552
913,Sannhamp,1997,4410,10448
914,Sannhamp,1998,20610,23481
915,Sannhamp,1999,29928,66267
916,Sannhamp,2000,35778,70197
917,Sannhamp,2001,16103,21922
918,Sannhamp,2002,23974,29408
919,Sannhamp,2003,18584,25792.1
920,Sannhamp,2004,13072,20174
921,Sannhamp,2005,12791,18977.8
922,Sannhamp,2006,11200,18526
923,Sannhamp,2007,15395,33816.49
924,Sannhamp,2008,14736,29644.67
925,Sannhamp,2009,12581,14468
926,Sannhamp,2010,9221,19632
927,Sannhamp,2011,7779,14514
928,Sannhamp,2012,9017,13033
929,Sannhamp,2013,13834,15836
930,Sannhamp,2014,5762,6448.1
931,Sapota,2012,9192,121345
932,Sapota,2013,9168,85585
933,Sapota,2014,8785,73497
934,Sesamum,1997,1277400,463072
935,Sesamum,1998,1554706,539488
936,Sesamum,1999,1675656,549718.6
937,Sesamum,2000,1682869,530114.7
938,Sesamum,2001,1594463,677589.6
939,Sesamum,2002,1357650,424275.9
940,Sesamum,2003,1655445,765167.1
941,Sesamum,2004,1865119,676048.3
942,Sesamum,2005,1746113,662306.2
943,Sesamum,2006,1665030,671358.9
944,Sesamum,2007,1674171,749850.7
945,Sesamum,2008,1753051,637176.7
946,Sesamum,2009,2042179,641009.7
947,Sesamum,2010,2091602.81,900381.3
948,Sesamum,2011,1400125.56,645793.05
949,Sesamum,2012,1155228,696684.5
950,Sesamum,2013,1048100,467962.7
951,Sesamum,2014,840220,387218.31
952,Sesamum,2015,20026,4139.6
953,Small millets,1997,701769,248320
954,Small millets,1998,834228,329173
955,Small millets,1999,325825,178131
956,Small millets,2000,1324484,495343.9
957,Small millets,2001,1211525,506970.1
958,Small millets,2002,1282240,381795.6
959,Small millets,2003,1052634,423802
960,Small millets,2004,880250,327685
961,Small millets,2005,532920,230105
962,Small millets,2006,822914,387175
963,Small millets,2007,454842,241766
964,Small millets,2008,664951,250332
965,Small millets,2009,663885,266236
966,Small millets,2010,554661,221292
967,Small millets,2011,609876,314183
968,Small millets,2012,533160,293590
969,Small millets,2013,530610,365508
970,Small millets,2014,275852,187120
971,Small millets,2015,2853,2911
972,Snak Guard,2002,1614,0
973,Snak Guard,2003,1641,0
974,Soyabean,1997,4949711,5475933
975,Soyabean,1998,6399446,7081851
976,Soyabean,1999,5959717,6819977
977,Soyabean,2000,6380376,5253274
978,Soyabean,2001,6301951,5921466
979,Soyabean,2002,6068435,4584567
980,Soyabean,2003,6516934,7788019
981,Soyabean,2004,7632991,6855337
982,Soyabean,2005,7994672,8557124
983,Soyabean,2006,8199577,8817503
984,Soyabean,2007,6242549,6697563
985,Soyabean,2008,9581407,8991049
986,Soyabean,2009,9705469,9871271
987,Soyabean,2010,9558319,12316413
988,Soyabean,2011,9306315,11051812
989,Soyabean,2012,9608817,13517111
990,Soyabean,2013,10701259,9828734
991,Soyabean,2014,4339559,2416092.4
992,Soyabean,2015,3278,3190
993,Sugarcane,1997,3482848,501229055
994,Sugarcane,1998,3669822,259810181
995,Sugarcane,1999,4126394,294092445.8
996,Sugarcane,2000,4328515,296118368.3
997,Sugarcane,2001,4403618,296512607.1
998,Sugarcane,2002,4501972,287091582.2
999,Sugarcane,2003,4001206.45,239790705.5
1000,Sugarcane,2004,3507513.23,229909938.9
1001,Sugarcane,2005,4218182.7,285762294.5
1002,Sugarcane,2006,3808609.89,268743702.6
1003,Sugarcane,2007,3857623.83,254061704.7
1004,Sugarcane,2008,5082080,341184112.7
1005,Sugarcane,2009,4091094,287931380.1
1006,Sugarcane,2010,4795159.14,336535125.9
1007,Sugarcane,2011,4696892.41,345400114.3
1008,Sugarcane,2012,4927290,335501947.9
1009,Sugarcane,2013,4721055.29,346861935.2
1010,Sugarcane,2014,4447146.06,328600725.1
1011,Sugarcane,2015,8962,577157.2
1012,Sunflower,1997,451275,248182
1013,Sunflower,1998,1710677,776285
1014,Sunflower,1999,1052960,541158
1015,Sunflower,2000,1052695,616836.2
1016,Sunflower,2001,1168503,666612.01
1017,Sunflower,2002,1626833,846058.04
1018,Sunflower,2003,1993856,920507
1019,Sunflower,2004,2479664,1299552
1020,Sunflower,2005,2314821,1291281
1021,Sunflower,2006,2128743,1047183
1022,Sunflower,2007,1567176,1097023
1023,Sunflower,2008,1756123,999618
1024,Sunflower,2009,1422592,720442
1025,Sunflower,2010,889231.9,562064.4
1026,Sunflower,2011,690076,420360
1027,Sunflower,2012,762951,453931
1028,Sunflower,2013,647158,447432
1029,Sunflower,2014,532812,339971
1030,Sweet potato,1997,23938,174563
1031,Sweet potato,1998,27408,179468
1032,Sweet potato,1999,75069,572213
1033,Sweet potato,2000,67660,474245
1034,Sweet potato,2001,67062,488542
1035,Sweet potato,2002,79382,597144
1036,Sweet potato,2003,80002,610225
1037,Sweet potato,2004,108673,892276
1038,Sweet potato,2005,52365.9,498813.35
1039,Sweet potato,2006,46092.4,407309
1040,Sweet potato,2007,42611,413072
1041,Sweet potato,2008,45676,411853
1042,Sweet potato,2009,39874,348861
1043,Sweet potato,2010,38264,306305
1044,Sweet potato,2011,40367,362176
1045,Sweet potato,2012,40839,379091
1046,Sweet potato,2013,42335,402989
1047,Sweet potato,2014,36217,356001
1048,Tapioca,1997,243461,6770940
1049,Tapioca,1998,199046,5596386
1050,Tapioca,1999,217396,6010718
1051,Tapioca,2000,254337,6825440
1052,Tapioca,2001,136529,2653607
1053,Tapioca,2002,194031,4698211
1054,Tapioca,2003,217629,5925673
1055,Tapioca,2004,224330,7140169
1056,Tapioca,2005,241103.5,7595507
1057,Tapioca,2006,254671.03,8420099
1058,Tapioca,2007,228467,8514920
1059,Tapioca,2008,238377,7544948
1060,Tapioca,2009,216081,6841154
1061,Tapioca,2010,96568.1,2590854.66
1062,Tapioca,2011,203534.84,6748804.64
1063,Tapioca,2012,93104,2787195
1064,Tapioca,2013,173164,5281102
1065,Tapioca,2014,87248,3062191
1066,Tea,1999,58,62
1067,Tea,2000,620,2670
1068,Tea,2001,37314,68890
1069,Tea,2002,37818,57889.3
1070,Tea,2003,1000,3020
1071,Tea,2007,1000,3450
1072,Tobacco,1997,348858,422417
1073,Tobacco,1998,342272,579662
1074,Tobacco,1999,379600,552110
1075,Tobacco,2000,249139,328553
1076,Tobacco,2001,265138,477000.01
1077,Tobacco,2002,327680,525079.11
1078,Tobacco,2003,357508,568549.2
1079,Tobacco,2004,353180,521657
1080,Tobacco,2005,357226,534524.3
1081,Tobacco,2006,331565,480004
1082,Tobacco,2007,337257,492637
1083,Tobacco,2008,372371,603306
1084,Tobacco,2009,499511,838899
1085,Tobacco,2010,482107,870495
1086,Tobacco,2011,460424,825138
1087,Tobacco,2012,408595,706166
1088,Tobacco,2013,314214,576718
1089,Tobacco,2014,296838,615020.4
1090,Tomato,2002,146457,1015497
1091,Tomato,2003,185651,1363827
1092,Tomato,2012,37067,625411
1093,Tomato,2013,37441,889385
1094,Tomato,2014,38191,830864
1095,Total foodgrain,1997,18974254,38843779
1096,Total foodgrain,1998,4584784,1201048
1097,Total foodgrain,2014,1750762,3225930
1098,Turmeric,1997,49377,175614
1099,Turmeric,1998,59947,202331
1100,Turmeric,1999,98372,292795
1101,Turmeric,2000,174698,684142
1102,Turmeric,2001,131093,401082
1103,Turmeric,2002,691195,843763.02
1104,Turmeric,2003,139154,525885
1105,Turmeric,2004,146455,670866
1106,Turmeric,2005,137184.7,759634.1
1107,Turmeric,2006,138419.5,688947.03
1108,Turmeric,2007,79276,314503.3
1109,Turmeric,2008,146185,718695
1110,Turmeric,2009,130762,649858
1111,Turmeric,2010,106831.78,575360.39
1112,Turmeric,2011,200418.45,1059143.54
1113,Turmeric,2012,64794,295269
1114,Turmeric,2013,139703,634554.7
1115,Turmeric,2014,99138,485938.4
1116,Turnip,2002,348,145
1117,Turnip,2003,454,218
1118,Urad,1997,2005681,879739
1119,Urad,1998,2291659,1144378
1120,Urad,1999,3182852,1433620
1121,Urad,2000,2731536,1251760.8
1122,Urad,2001,2810786,1304392.66
1123,Urad,2002,2944890,1278045.9
1124,Urad,2003,3379954,1429366.9
1125,Urad,2004,2512359,1037887.1
1126,Urad,2005,2343892,985182.8
1127,Urad,2006,2456072,1127842.2
1128,Urad,2007,2626497,1118673
1129,Urad,2008,2601605,1142903.6
1130,Urad,2009,2875625,1185061.9
1131,Urad,2010,3125827,1682164.8
1132,Urad,2011,2952470,1606942.4
1133,Urad,2012,2717142,1555734.6
1134,Urad,2013,2591446,1443459.1
1135,Urad,2014,1348203,826252.8
1136,Urad,2015,77222,27063.1
1137,Varagu,1997,2500,1600
1138,Varagu,1998,1700,1500
1139,Varagu,1999,19937,22576
1140,Varagu,2000,1609,1216
1141,Varagu,2001,807,671
1142,Varagu,2002,16177,16789
1143,Varagu,2003,5036,5342
1144,Water Melon,2002,4311,0
1145,Water Melon,2003,8000,0
1146,Wheat,1997,25640826,63831633
1147,Wheat,1998,26628290,69699436
1148,Wheat,1999,26734280,75068369
1149,Wheat,2000,25626459,69487129.9
1150,Wheat,2001,26294089,72649302.9
1151,Wheat,2002,25196951.69,65760625.34
1152,Wheat,2003,26824291.7,72780554.81
1153,Wheat,2004,26786879.58,69568860.35
1154,Wheat,2005,26208838.23,67305067.7
1155,Wheat,2006,27915096.04,77297177.3
1156,Wheat,2007,27025547.72,77599127.9
1157,Wheat,2008,27772106,81590346
1158,Wheat,2009,27774123,80194411.4
1159,Wheat,2010,29837101,93043112
1160,Wheat,2011,26471124,91786261.7
1161,Wheat,2012,26406568,88022478.4
1162,Wheat,2013,23979599,75099453.6
1163,Wheat,2014,17590692,42048966.1
1164,Wheat,2015,690,840.4
1165,Yam,2002,910,0
1166,Yam,2003,865,0
1167,other fibres,2002,6445,0
1168,other fibres,2003,6193,0
1169,other misc. pulses,2000,12206,3032
1170,other misc. pulses,2003,18637,6672.22
1171,other oilseeds,1998,7420,7731
1172,other oilseeds,2000,1078,793
1173,other oilseeds,2001,238,483
1174,other oilseeds,2002,18945.1,17832.31
1175,other oilseeds,2003,344171.29,323564.81
1176,other oilseeds,2004,12828.3,5600.61
1177,other oilseeds,2005,1623.55,857.8
1178,other oilseeds,2006,6001.62,6212.38
1179,other oilseeds,2007,44947,11607.2
1180,other oilseeds,2008,106128,39958.7
1181,other oilseeds,2009,102865,39609
1182,other oilseeds,2010,1300390,524730
1183,other oilseeds,2011,126563,1094233
1184,other oilseeds,2012,847,740
1185,other oilseeds,2013,110748,1309777
1186,other oilseeds,2014,65021,1400102
